{
  "feature_names": [
    "Year",
    "average_rain_fall_mm_per_year",
    "pesticides_tonnes",
    "avg_temp",
    "Area_enc",
    "Item_enc",
    "log_pesticides",
    "log_rain",
    "year_norm",
    "decade",
    "rain_x_temp",
    "pest_x_rain",
    "pest_x_temp",
    "rain_per_temp",
    "temp_rain_ratio",
    "rain_sq",
    "temp_sq",
    "pest_sq",
    "rain_cb",
    "temp_abs",
    "aver_crop_mean",
    "aver_crop_std",
    "avg__crop_mean",
    "avg__crop_std",
    "pest_crop_mean",
    "pest_crop_std",
    "aver_area_mean",
    "aver_area_std",
    "avg__area_mean",
    "avg__area_std",
    "yield_vs_crop_mean",
    "grow_score",
    "rain_dev_from_opt",
    "temp_dev_from_opt",
    "heat_stress",
    "drought_stress",
    "flood_risk",
    "frost_risk",
    "stress_count",
    "years_since_1990",
    "is_modern",
    "decade_2000s",
    "decade_2010s",
    "is_high_yield_crop"
  ],
  "mean": [
    2001.5442957297641,
    1149.055980454642,
    36991.72590680546,
    20.542626584519507,
    46.49472416967637,
    4.420897953402734,
    8.982519148119943,
    6.809437397434381,
    0.5019259012940949,
    1997.4870759861199,
    25007.111267969693,
    61.49482267741284,
    182.1555767685642,
    56.42720042174146,
    2.6497445311424963,
    1824145.094575455,
    461.8400820126054,
    86.65820426470505,
    32.17114373526448,
    5.263920531975302,
    1149.0559804546422,
    684.02341630097,
    20.54262658451951,
    5.964129059944346,
    36991.72590680547,
    58051.7244920039,
    1149.055980454642,
    0.0,
    20.542626584519514,
    1.4094710841789615,
    -1.2076358372808161e-17,
    0.2422573804332913,
    599.4504992564266,
    5.702469371857518,
    0.0,
    0.05477657389703279,
    0.0633807803979888,
    0.008922880815806247,
    0.12708023511082783,
    11.544295729764182,
    0.3971036045605835,
    0.3939876779264925,
    0.17735996034275192,
    0.37582324198002975
  ],
  "scale": [
    7.051780436451281,
    709.7995832323912,
    59503.05337490074,
    6.311939085700815,
    26.81292990138626,
    2.635290409495736,
    2.443880933753448,
    0.7885509049104708,
    0.30659914941092536,
    7.3679335710778355,
    19421.542531462408,
    18.733283733437904,
    74.15097018053278,
    34.90809643475516,
    0.8654264679653065,
    2156308.5447675087,
    233.32394136182856,
    38.66365735716036,
    10.680519239231533,
    3.483061247616311,
    185.59723765870405,
    40.54235712614622,
    1.7598197480752833,
    1.0881410497586408,
    8063.799838949841,
    10340.78461556417,
    709.7995832323912,
    1.0,
    6.052423510797111,
    1.107526062980361,
    0.9997768411614535,
    0.2058751993789573,
    548.5448697805152,
    4.448070758707743,
    1.0,
    0.22754362405731277,
    0.2436465823157196,
    0.09403862511624232,
    0.3330628303413706,
    7.051780436451282,
    0.48929779460526407,
    0.488632159777253,
    0.3819730419937635,
    0.4843347321508645
  ],
  "crop_opt": {
    "Maize": {
      "rain": 700,
      "temp": 22
    },
    "Wheat": {
      "rain": 450,
      "temp": 15
    },
    "Rice, paddy": {
      "rain": 1500,
      "temp": 27
    },
    "Soybeans": {
      "rain": 600,
      "temp": 24
    },
    "Potatoes": {
      "rain": 550,
      "temp": 17
    },
    "Cassava": {
      "rain": 1200,
      "temp": 28
    },
    "Sorghum": {
      "rain": 500,
      "temp": 28
    },
    "Sweet potatoes": {
      "rain": 900,
      "temp": 25
    },
    "Plantains and others": {
      "rain": 1800,
      "temp": 26
    },
    "Yams": {
      "rain": 1200,
      "temp": 26
    }
  }
}