{"is_high_yield_crop":0.7937064767,"pest_crop_std":0.0659299642,"aver_crop_mean":0.0335050337,"yield_vs_crop_mean":0.0272417013,"pest_crop_mean":0.0180540811,"avg__crop_std":0.0103204949,"aver_crop_std":0.0101868063,"avg__crop_mean":0.007217811,"log_pesticides":0.0062255445,"avg_temp":0.004334847,"avg__area_mean":0.004314526,"pesticides_tonnes":0.00363404,"Item_enc":0.0033442164,"avg__area_std":0.0031424647,"temp_rain_ratio":0.0021312493,"average_rain_fall_mm_per_year":0.0021261261,"Area_enc":0.0012091818,"pest_x_rain":0.0010020558,"temp_abs":0.000786302,"rain_x_temp":0.0005723534,"temp_sq":0.0002709258,"pest_sq":0.0001935843,"grow_score":0.0000904874,"rain_per_temp":0.0000868561,"rain_sq":0.0000673146,"rain_dev_from_opt":0.0000517892,"year_norm":0.0000455939,"Year":0.0000446603,"temp_dev_from_opt":0.0000419301,"stress_count":0.0000385715,"log_rain":0.0000319452,"pest_x_temp":0.0000310988,"years_since_1990":0.0000199825,"decade":0.0,"rain_cb":0.0,"aver_area_mean":0.0,"aver_area_std":0.0,"heat_stress":0.0,"drought_stress":0.0,"frost_risk":0.0,"flood_risk":0.0,"is_modern":0.0,"decade_2000s":0.0,"decade_2010s":0.0}