{
  "dataset": {
    "rows": 28242,
    "features": 44,
    "train": 21991,
    "test": 6251,
    "years": "1990-2013",
    "n_crops": 10,
    "n_countries": 101
  },
  "best_model": "XGBoost (Tuned)",
  "metrics": {
    "R2": 0.9991130592133295,
    "MAE": 1672.5535903661664,
    "RMSE": 3761.1836128581367,
    "MAPE": 1.959839578142697
  },
  "cv_r2": {
    "mean": 0.9966948680709342,
    "std": 0.0020787295302383065
  },
  "crop_evaluation": {
    "Cassava": {
      "MAE": 4159.913856214887,
      "R2": 0.9983340555309085,
      "n": 445
    },
    "Maize": {
      "MAE": 1108.066322113739,
      "R2": 0.9979312546212272,
      "n": 913
    },
    "Plantains and others": {
      "MAE": 3213.2277910786293,
      "R2": 0.9952664978132482,
      "n": 124
    },
    "Potatoes": {
      "MAE": 3590.159584101686,
      "R2": 0.9948759578476947,
      "n": 949
    },
    "Rice, paddy": {
      "MAE": 727.4197696677587,
      "R2": 0.9971380849777364,
      "n": 744
    },
    "Sorghum": {
      "MAE": 719.1114107550181,
      "R2": 0.9962392003485053,
      "n": 685
    },
    "Soybeans": {
      "MAE": 314.14964202668637,
      "R2": 0.9973021575571133,
      "n": 719
    },
    "Sweet potatoes": {
      "MAE": 2740.3348931634464,
      "R2": 0.9981290177868359,
      "n": 634
    },
    "Wheat": {
      "MAE": 546.3834463339222,
      "R2": 0.9985302772865603,
      "n": 849
    },
    "Yams": {
      "MAE": 1724.272476438492,
      "R2": 0.997819700779453,
      "n": 189
    }
  },
  "time_series_trends": {
    "Cassava": {
      "slope": 3017.034218672663,
      "r2": 0.9638536478566709
    },
    "Maize": {
      "slope": 927.793980544672,
      "r2": 0.9789958518695081
    },
    "Plantains and others": {
      "slope": 153.89396101682428,
      "r2": 0.17886562805456407
    },
    "Potatoes": {
      "slope": 2746.894559753746,
      "r2": 0.9777020950618603
    },
    "Rice, paddy": {
      "slope": 574.8491137203843,
      "r2": 0.9638593638068705
    },
    "Sorghum": {
      "slope": 262.37547519595984,
      "r2": 0.8330097421700615
    },
    "Soybeans": {
      "slope": 120.37275390308851,
      "r2": 0.828598036191891
    },
    "Sweet potatoes": {
      "slope": 1312.0999089435588,
      "r2": 0.9409925250643364
    },
    "Wheat": {
      "slope": 359.5702913340268,
      "r2": 0.9493963890416116
    },
    "Yams": {
      "slope": 1002.9765627989829,
      "r2": 0.8889944465462356
    }
  },
  "all_models": [
    {
      "model": "Random Forest (200 trees)",
      "R2": 0.9995163750996946,
      "MAE": 1050.4366969412558,
      "RMSE": 5651.489913361973,
      "MAPE": 0.6055833689763899
    },
    {
      "model": "Gradient Boosting",
      "R2": 0.9994102144634868,
      "MAE": 1561.6125164648045,
      "RMSE": 4758.249622264645,
      "MAPE": 1.6535457078953826
    },
    {
      "model": "XGBoost (Tuned)",
      "R2": 0.9991130592133295,
      "MAE": 1672.5535903661664,
      "RMSE": 3761.1836128581367,
      "MAPE": 1.959839578142697
    },
    {
      "model": "Linear Regression",
      "R2": 0.9448445771951679,
      "MAE": 19724.489554564152,
      "RMSE": 185428.60108540606,
      "MAPE": 21.197066066111617
    },
    {
      "model": "Ridge (\u03b1=10)",
      "R2": 0.9438840347373139,
      "MAE": 19646.023316941893,
      "RMSE": 191461.1101046503,
      "MAPE": 21.442736921689466
    },
    {
      "model": "Lasso (\u03b1=0.01)",
      "R2": 0.8987045110485907,
      "MAE": 20510.068681339082,
      "RMSE": 200763.23449614344,
      "MAPE": 30.618417753026385
    }
  ]
}